customer_id,order_id,amount,discount
1,699,144.8568168,0.2
2,983,41.86240252,0.1
3,598,683.8582443,0.3
4,872,22.14220477,0
5,549,145.6342763,0.05
6,461,527.6324594,0.1
7,560,71.27059715,0.1
8,318,21.14659954,0.1
9,752,881.2557056,0.1
10,536,641.6850189,0.1
11,637,544.6667269,0.1
12,748,515.8949665,0.3
13,622,155.9893533,0.1
14,590,816.8924517,0.1
15,958,613.6321962,0.1